{"cameraMode":{"drawMode":0,"name":"Shaded","section":"Shading Mode"},"sceneLighting":false,"audioPlay":false,"sceneViewState":{"m_AlwaysRefresh":false,"showFog":true,"showSkybox":false,"showFlares":true,"showImageEffects":true,"showParticleSystems":true,"showVisualEffectGraphs":true,"m_FxEnabled":true},"in2DMode":false,"pivot":{"x":-0.020743930712342264,"y":0.10130280256271362,"z":-0.02958853542804718},"rotation":{"x":0.08892879635095597,"y":-0.14440025389194489,"z":0.013031214475631714,"w":0.9854280948638916},"size":0.09323205053806305,"orthographic":false}