{"cameraMode":{"drawMode":0,"name":"Shaded","section":"Shading Mode"},"sceneLighting":true,"audioPlay":false,"sceneViewState":{"m_AlwaysRefresh":false,"showFog":true,"showSkybox":true,"showFlares":true,"showImageEffects":true,"showParticleSystems":true,"showVisualEffectGraphs":true,"m_FxEnabled":true},"in2DMode":false,"pivot":{"x":2.012836456298828,"y":0.17448961734771729,"z":0.07016277313232422},"rotation":{"x":0.4079248607158661,"y":0.2662009596824646,"z":-0.1256515234708786,"w":0.8642460107803345},"size":1.2330877780914307,"orthographic":false}