{"cameraMode":{"drawMode":0,"name":"Shaded","section":"Shading Mode"},"sceneLighting":true,"audioPlay":false,"sceneViewState":{"m_AlwaysRefresh":false,"showFog":true,"showSkybox":true,"showFlares":true,"showImageEffects":true,"showParticleSystems":true,"showVisualEffectGraphs":true,"m_FxEnabled":true},"in2DMode":false,"pivot":{"x":-2.0394341945648195,"y":-3.2042155265808107,"z":11.764830589294434},"rotation":{"x":-0.17816954851150514,"y":0.09606248140335083,"z":-0.017462512478232385,"w":-0.9791085124015808},"size":6.427059173583984,"orthographic":false}