{"cameraMode":{"drawMode":0,"name":"Shaded","section":"Shading Mode"},"sceneLighting":true,"audioPlay":false,"sceneViewState":{"m_AlwaysRefresh":false,"showFog":true,"showSkybox":true,"showFlares":true,"showImageEffects":true,"showParticleSystems":true,"showVisualEffectGraphs":true,"m_FxEnabled":true},"in2DMode":false,"pivot":{"x":0.03050702065229416,"y":-1.3373215198516846,"z":6.869138717651367},"rotation":{"x":-0.21371810138225556,"y":0.18251031637191773,"z":-0.04068048298358917,"w":-0.9588296413421631},"size":6.0073957443237309,"orthographic":false}