{"cameraMode":{"drawMode":0,"name":"Shaded","section":"Shading Mode"},"sceneLighting":false,"audioPlay":false,"sceneViewState":{"m_AlwaysRefresh":false,"showFog":true,"showSkybox":false,"showFlares":true,"showImageEffects":true,"showParticleSystems":true,"showVisualEffectGraphs":true,"m_FxEnabled":true},"in2DMode":false,"pivot":{"x":0.21494118869304658,"y":0.06649857759475708,"z":0.07470448315143585},"rotation":{"x":0.061989977955818179,"y":0.5346381068229675,"z":-0.03936674818396568,"w":0.8418788313865662},"size":0.25188273191452029,"orthographic":false}